{"cameraMode":{"drawMode":0,"name":"Shaded","section":"Shading Mode"},"sceneLighting":true,"audioPlay":false,"sceneViewState":{"m_AlwaysRefresh":false,"showFog":true,"showSkybox":true,"showFlares":true,"showImageEffects":true,"showParticleSystems":true,"showVisualEffectGraphs":true,"m_FxEnabled":true},"in2DMode":false,"pivot":{"x":0.6988347172737122,"y":2.3577771186828615,"z":7.133304595947266},"rotation":{"x":0.05786360055208206,"y":-0.011680159717798233,"z":0.0006767251179553568,"w":0.9982557892799377},"size":12.991458892822266,"orthographic":false}